car_id,score
5bbb9c46c171c2ff103908d4ca8a2651,100
4dc991d8ac98921b01bd34399afa6acc,100
98b1eb86426c3584d97eff430253c723,100
3e20b34646b26bc0e1c881c2b52b8d55,100
935a78557be2d90917fe974cb17126bc,50.03819982
2749442c444f223650ff2fd75f4c2d60,100
6bc980b2a2f4253709e96a1637701c8b,100
34eb366246144b5fbef75e429c4aa33d,100
368dcb5c239bab556a70484dcd5cf3f7,100
ddd84f96d0409f6e08fe0f35820d044a,100
6738909a6810ea43f56a2c740a628d9f,100
febc2032c9a6fea315f3c93031ceb952,100
86b377cfc1826641c4ea4229fd7841ef,100
9f80474c0382a2ea6f665dcb8e3080fe,100
cf870001fba2b36a9787ac203adfdcb0,100
c7c03b30ebc97500c59f55f4ccb878c7,100
46e5dd621933506123e7f008a124d534,100
fc7d7931c437ab80fe92247081e39bf5,78.19709729
b161023792030aaca8eff93a3cd8abd2,100
bab88c7301c7c3618c5c5aa33c1106e2,100
cc70f7beb47ad78e372a203136770cd9,100
3792cb6da73097566346bfb85f6cb8b7,83.48853454
1b3a20e1d74109eb094c00fd2f95426d,100
7899f8c5b8cb5e3d00656aec6e1072b1,100
e1761a691463be208b2bf161ba4cb611,100
1d7957962bf5c3043e092b1ded9efe4d,100
5cb1211ee7da16fa961d7a7cc418f74a,100
452e67728025dd77ccd076f03ff3af18,100
b4ebefa7bd314cbcc63f8a610d8340ef,100
5dfc6f17885c367057bbb5cf02a1c662,88.24030629
6c851af13fe78b2caf6f792da5ccb05a,100
b0897f1de962765e29249a281137569b,100
a50df2787a74b89ad08e9559329be7af,100
3e0189a33ff62e95b772b2a89a5beafa,92.87097753
3c81f7c6c2111464738a6ce234b4ca94,100
e7445667a184257f88a79d5275e7276a,100
b1cd9e37fde953fa0fbc0d98aa0830f8,100
e0c2f23a7508ea6602e798bcf0e00437,100
b43055a892d692c35c09d0fcd6516a81,100
dac7e84c99c64b8cb452a7b7b577713d,100
41d84fcbc8b1b7e70faa7988d49549e8,100
43a96ff80562bc1f1aa17998e052cdc0,100
6e18723d277f9277b8f123d3a93c74f9,100
722a850640e995d94190aab5882745ee,100
f549e97acc97ae3813f16281551e8a7e,100
81a27b3507d778e4b6dcb51fb420af5e,100
fb9424e1ffe1afa8f32c4f1e3d165cb4,100
8854b7c77d76b4dc52f536921c464009,100
b854ead07c379cedabe313cbf3e11680,100
ed627b0f9d8b4e8354575b89c6021cfa,100
4ae3b1152f6996df7d7974e07c0f530b,100
57563f6acbedb468a5d3b67b91d8a5c5,94.606662
081da966394ee22ba9ee5a450097a79a,100
7a2b763cb3638cee749176a7c9a7ce69,100
8d2c4ff6d0b63fdd2b18de6c6a330bf2,100
f12eb4824998b00e362ba30292c7cfae,100
e61e5b281009ab65945a07d4062a3253,100
b00b413aa96acd614ec66a094490fee5,100
675f5ef3716db5820b685df533c5b5ed,100
3e91bd2bc813daaea378f4910367ab86,100
0b51977340a65a4af1c0941c30c4a45f,100
47f529b5028c71763b0c91a3e7c6aacb,100
53e31c222191cfd05dfa0b43a08317ab,100
6dbfb053834aa17be5a4070a4bde9624,100
fad22c6f9f0e945028353866b4150209,100
d109d2bdf4a101cd90fe32fbe4cdc485,100
dcc3e4fb5eb0e8383b4a4f8e10a456c2,86.08521639
2ed6ce104996414dec67bba4c79f8522,100
6e159c1f144a2099ca67655566016861,100
08509f5f173f19b718c43d7915d14d74,100
26dbd7b00cb38e2188925fd3e9dd6e4f,100
aaa59a7b592b4ebab890bc2be056116c,82.28419737
59b58b1cd15c931e6f8eb27e7299e551,100
3bedc0be505dec825df5291a4e297b74,100
e5202e471763d8749e1fe8755662d1e0,100
cf9b5328ca3052a7117fc690ac6c6212,100
3dffcce5ad1bf989a39577b72b8b706c,100
22169341006d89454aa7864daf22da3d,100
e430f9b664ae69743a7211e5038e3e73,100
bdeebf0e5710bc1c54b181a3bd0443c9,100
5d865e34c52995ead69e1aaba6aadde4,100
69e7014b889b2dd02d34f394b3347b9c,80.47491991
ff304a4a156471607d08cc777199e782,83.15492521
e3e297070f3cf95d3b350d9b0f1642e9,61.36758521
32d76630ba819cadbd7718562570c66b,100
3096256c90ffd73dc8389e9273f792ea,100
6413501dd70ae1d4fad7de0e4f6eac73,100
bbe3041bd40bd94d081554fb603eb3db,100
a727d10c72d6dabc01b8946f33e058f8,100
ca8f546cc4cb3f5fc605bf677dd70ad3,100
77669b4e48ebd50624b4d2200aedabf2,100
b51b7dfe14a39dfea9c8db02c24fa106,100
dc7a353fca24ff157251aecfd472d763,100
f50304e901c8adc7ac24ee129e9ea7f1,95.78932021
a325cf27079f6d03a61bd9ec3451855d,100
869f9f3db9d9cd72363018dd3acbcb70,100
11dfc38ceea35386bb000be3f36acef9,100
a885c114a01651ae0b5e7d85c41f640c,100
6d00f9f8d7f53d54c4929a1b4581fb77,72.72749306
e09d10b8f0407353a208e23d7a011e06,100
793c8cbc384463fd1f0a9f9e8f8ec533,100
c084d9250b4baf930730a9d7ca77ec45,100
ea21ef7a05d3f99c1d7966903aad5ee8,95.79696272
d4e701c3d4303a312b3b609079d8fe47,100
b6dbe515b4ed66c6465625272c389a53,100
2c1c24e0e765e1dc1dc114be5c17331d,83.95198256
38fe22616da01395659f3601edd3066e,100
4306e58369c17345921fa1512f81e96b,100
85d773904dd3cb02821e5c9c8323b6af,100
a6e15e9cc0a0835f8d63eef490e835e3,100
d363b59d2e87670c2eb7d086285019d7,76.60545247
4e2486b6ceac3f0f42758893c625ab85,100
41ee6dc294c35fee9255923302dceb8c,93.43471826
3cf4f1cb0a269e8b3d6cd3c7fd4b2392,100
b8dab4bea52a57560c1f35b4e212ea06,100
78aced65e6ee35b39ac1f40336aaebb0,100
3752875ccce6a26e2057a2fb370071a5,100
56e70a0c7f3ccba1c0b09eb456cd1f7c,100
25f0e556b29d8d9d4c922d3ba1bcd4e9,100
0e463b8d34ecd7022f2eb2e4f1b664aa,100
22c7a4c03757c9c1ceaee08e3e5a5ed3,100
da5fc2d5dcfc87f5e429b4fad01c376c,100
b101968e8ba72461f80ac2cabc19a7f0,100
c63ebb45ebf01d3ef8be7244b887c3b3,100
fb1e43068d5f0ff8041262f13c64acfd,100
a6de74b12b546355affb95124b1423e7,100
cd79afc2c5d1c64b1821d1e4a4ad3825,100
4500ed7c6e6a828cd67ed9404a7e1866,100
52387ecc595411fe366a302cea34e9b2,100
fdc13ca7605cff892b385e0203715a65,100
e5668d911da4138289632919e70f588e,100
0a5bc430cae19de175517967e56ef17e,97.06021779
380ee4c31dbdf5a96ae7138da8e27d24,100
c3e89ec925e138acf5ee0bbb1a00f66b,100
c60186c6987ed2e88326dfa41515d19f,100
4314a97be6a2be7e6b0cc22faf2c9844,100
4f64ca0559137586f5eec9dd8fa8810a,100
53df81893f696952e03ee9485873d1e2,100
1f854bce6edf527e196f81c5670b8ba5,100
cc82075c0bac4baef9e0a72c5b4350e3,100
5d45eb4ad3d24daa5cb9d56cee8082c0,100
ead24c14d2ef973d50296e5e9640e727,100
cd0bc4d5162159769b0c251ab1575a32,100
6208ff8f531be6e059fb99906a54619a,88.69545017
b6de80ea0c983ff40a986fd6331ae536,75.98176369
8485559dfd8e58830582e1dd74282962,100
256f55dd5a4a010d0046fcc92e627866,100
3197d8e5aa420e305c7b5bb6b0e19485,100
f5804957a4d4ffacfa730b27c9b43bb8,100
7cd5069cfd5a21f8be0ec3bdaccd070e,100
7e3f3a1e0718dfe89ac4414d1ac4812e,100
ac3ddc4b95e00c1af03637a9f35dcce5,100
e5f002e4ceae93d237be798919f494af,100
799b74d54b8ee01f619081e0ebdf96af,100
09e58f4fc30fd28b1aca8304f4bc3e71,100
e9e09a39dbdcb6a5bdbfb57a8c37370c,95.81200533
7d559ef714fcb8ca5959ea8a2954d5bf,78.67005481
e35de3e78bab0ca0ad078b539123c40a,100
6576ca57ec1fd12277cd3b3d55d50c05,100
a94d15ded8fe5520d34fbe1e9a25fb73,100
50c371b48a051976a655a65d7eb06bf2,100
aa548a53b28f87a502a959c3fa9f0456,100
58b7c46ca071b63cc4f7b9e3b86661bc,100
5aec566c43ec76e594a2605948960fcc,100
51838aa533e1da0063591a3070539949,100
68c8478dc74a805464a6540748e8943c,100
def68622586b8abd3c2124a8995a4b30,100
bd9d304b9a59655ce06a18861a42362b,100
9a51b3acb92078bb21bfe34af300c209,100
094ba07bc1600739270c35324b2d5430,100
9e8c4fea0d3098cc9df697401d222237,100
1d912f06327c9a81e62efc9c5618cf9c,100
e9e53e95afd3b807c40b5a604270693d,100
d62e57a478e5856f4fb7634e616cf007,100
6550b5616c02d86b6844d2fcae542f36,100
f89359af93d0263dd6b496cf25a8df7a,100
6839c740830f4562b5a1d131cc0eea60,100
90394d4208e0ecddcf57e270478fcdbd,100
c91dec2eb2adc2caaee53627c04a264d,100
9a55e81d74919f5472687406a7eeeb11,100
2344bb47bc23161c6a59060d11c7dc12,80.82320335
3a50b01a8ebe39ea18527ac2e2a049af,100
085d4fb84f61185008fc984f3164d16e,100
8f1556004b20f279500a0dbe20db2798,100
ffb4932cf82fc2d1a6fc127c53e9d5bf,100
94a60b3a59feb506d88c6756860002ae,100
f34650f256b78c9fbee5e946043ec135,100
75c9816b806f0b28da03dcf5fd406f00,100
b9038a6ec868daf920a54837e457654d,100
2fbba72d93b3f13a4a4f7d35e428ba0b,100
3777c5ff87d9253702df5a98d962df26,100
d3c761c44d963a468000fda11be2b1c8,100
a67577af783d72ccad2f2ef93bfc00b3,83.79643177
5f45f86f2f9eecb3a949d8d21c8dd861,100
5729ec24737752db62a14b9ffb63ef29,100
8b9565107ef1fbe76347b09c7ca50a14,100
59b95912040e3ed55c35c532c7f17433,100
e596dac9c282784995964471723c7b8e,100
68540ca152b70d6854a40676a033d4b4,100
1be8b4b02aee749ccec2d50d2c288369,100
98c5d524ed268374688bd974bd34cc6d,100
080e2d33355fa87fd522dea96266f2ce,100
cffc0016733e1660cf4455d3f9c9d68b,100
14b484ef2d8d417aa372d12d19586454,100
3baf7a4022cd0d2aad9f2078757ec80b,100
5dc3626896b69c5be7b2f48c0e7a5679,100
fb97e159686d8c7702f2e245c6c77ee5,100
775ce0de8e6ab42d6698a78f94b2a5a3,100
1265f959595ef9c660dad614076bc605,100
cb02441c465d2f966c9c92afbae28ca4,100
600d11c4c29dcf0da21c1da2d53efcf4,100
5d55ad47a1098bd9d080edeef366cc1c,100
63a7a08869d27aaeede809e3abf08735,100
3d93a953d8caee4d7f69c4f3bea5bbdc,100
a5116883ecb992d08fc968d90d1820d8,100
51bb39a65eb9eb29891696213decd9ab,100
52826ca5b5d951ca5fd7801f38cd00f0,100
0efa888e60f37d4d9710cf0c05dc9f39,100
b24d1dcc3f04e8c6d0e1576275a8496a,100
dd9ca64c7bc69ffb2ed53003604865f4,100
504b4573f83423ccee625b1d9cbe1486,85.07582266
3b7a59bb522325f4f927786bbab734d7,100
7f80950e59b9fc0568f51243b5cb8718,100
d935d1e5de37c57bfc8a71cea4a3b424,100
f11a826ee6e67bedac520e883e327891,100
94b4a7743e4b532cb84f9bc9ead65f4e,100
253b7650a95ad778cd965d460f855089,100
506208d268c3354ca4925a35b43d6459,100
1e97a44d2e61bf8709848cb4922cfd10,100
b0cb18a91275dee01166adf75ac290ac,100
8ce5573382ef51eea6892f680f671316,100
6c48729ebdfd524f67bff7a375b2397e,100
076a40b52e7efa55b1e3510afc336f65,100
16012ec946fed84dd1bfe10ebdf53b51,100
73909e4f62f247fac2aa1d1808ef6a65,100
341e9deef4aa6321271dab6223d178ba,100
28d945cd75ab2e3d19ced59534ba3b34,95.84619707
758ac3e5f27ad3571c12d325294e11af,100
24c882079238341a4f4a5356fe0528b0,95.89370405
bd5ccb84193e20bd933ce078a01f7c50,100
843e340e5c7b04a26d151afd0b12ca25,73.78182501
841cdd393dc992b7e9d144ea4566bdc0,100
94a85394a78afe47cd4bf9eb042b6c8d,100
a22137ab55d8da372a30dabfdbed8eb0,100
78446e33ff92fe84ff0be41b88f60541,100
f0d7821c2f005cdc166541631d3190c5,79.59209409
731c176397d7c42c56414bcfcdbc98a9,100
ddfd5dfdac4a46b696f63f8852ad1c47,100
1aaa426262efae88017a720d386f90f6,100
ca25dfb727a368047a49f16f648244a0,100
d5547dd25a978e7463526c0570eefc82,100
73a5a39c9eb21d5604d1dfc706c1ac57,100
1645bbd99054bceb1c580d36720343a6,100
0f5b38bbc1b31ba085121b34990e274b,95.98784291
d19222b17192ec67ae074c8649e9bf2c,100
592d606fc211438d9a31673cf12a05db,100
9d7f8ea81aa2b8c11911f6e2523e542f,100
d58bd42e8b7db617bc80f243d2524470,100
30c09464d94bfd7d88cf815123b7a99b,95.64229727
5e51f1196a9da92b4b4750207efbc2db,100
23fcdecfaf3f45b2d8fad8d81d35b53a,100
f9381cacf62f6a40086372a9706d1079,100
38cb3fe95b914cf95eb500116704beea,96.0835049
03bfa9c83138edb6149c3731b31d2ecc,100
d31e717e9315fdabcbc4bf3da3cf672d,74.83705867
0e5d40d079d229cd826961855345b978,79.02245535
9ac4fd197d7318269eca82a8850861b0,100
3b1626aaf930703bec1392b9dd4df931,100
ddc6ca32b44964adc2b6532ece82b93f,100
27574121de1456e91672a4055ee58b57,100
236ecf96964357db6e6e883dbb68111f,100
5187cd59db0cb535da5fe37e0f9f082c,100
90bd24e3fba7d54ecb98e1fb74e55dae,78.16124711
63fc6503fd1e84c218fffb2b9d9e3e2e,100
c484fa070004ee721025f3f73c0b99b9,100
97eee084f3a3de99ab35f86e450e264d,100
7daa969a70d3822c78a4b1c5614f3857,96.99251523
5d988a3d315fafe8cd05957a5956110d,100
a54275b9575085a6724a6471f4e145c4,100
3d5ed6db2f7799509de2d1446ce1255d,100
ebb3c3c02e571b0cd93e43ed7c51fd7a,100
db9b788463671c2d707a839d99430331,94.4246335
f92b8a51e4977c76397a9251dd5d1762,96.54413057
21aa0aa299ee49a4f597e22c3b93ba8d,100
3648a52ae24577e4eb10232854cad1e2,100
f6b5980d02859276b4cace542e5669ba,100
ecf9ab820c9b473b19c23380511e5884,100
0d50423235a9723e3fcbca3777347abf,100
fc2649f384d392ce0e7fa037bd80f9fd,100
4e485ca49879de588e9b7c9faaeff0bb,94.28441999
648ca6a3c66d118ad6b2ed2411b659ed,100
983c09ebedd7706133f5d7354f08791d,100
662cc13546e92f726ecfa44658ca786b,100
ddab15dba5bdd86327dd95fd5b81b664,100
13fabb4bd6443abb97bda1af678c2455,100
0e3f99baecf61fddc16f3facc3221c4c,100
4e30ef1e14d8f9e6a053ef2cb2a5632b,100
ed3a443af801f680e45ba48ccde2206e,100
f1184c1b1c626399f2649c9eca0bc5c8,100
bcdf9e584760f19d3dd9b7a2848abf85,100
28cd34c86ae0bba519494e8df3d9a1dc,86.20079602
6f5f1656af3ffdb31334100fa242b869,100
d56d071d10de2107fffe53586ae35275,100
868e383a675544e1779ce1d0bdcb6fab,100
be1e94c3879bf54f6df8065c080467cd,100
169e8a4174598fbf3f80ae34f7bd13f0,100
f0cf86503b36c105fcfbc2246d27364b,100
a1cde050e1758d35d3215343a9855493,100
e126f6fa715b6f2c63c02b365e096be3,100
ab261b9861e5070c7fe5e22b80698680,100
c952b89a888f551ef20d02ea8efa467b,100
fa73946e18fd5a6466903fb91641e5f6,69.37681808
d807bc35e947ca622ec788c87afcee9b,76.71609243
6862b127e1274e27185a98de91bd070f,100
357c94bbaabd31402d1a36fa75baab65,100
ad364eb9a941ca1a576ccb4dd6879b19,100
05d54fc491c9f6b5b10c390d79bd0fc5,83.77107844
9b0a6838876707a88a268c67da1a37bc,100
3a21172e18ce0caa8376a55b9db09ab6,100
46b21b3b338400a784e9cfc227be4e32,100
43158bbddbf541b5a7089a3310e4247c,100
1bf8264441cf26ac9f8156529a7c4ae1,100
0aab0c819968d48862bc9aafd42d2256,100
5ab098663b87b1e474a9dd297e5397a6,100
2707f4366c2ef89e31c276c91d5c9f9e,100
11b20d7888bf2a08291c7dd0cfb46cec,84.04905059
5361fa972a2041a4f48be3fd10ad5115,89.86614255
ca930911dbcb0e8a7127f8f036a58d1d,100
d889ab27c9b000617ce5a2ed50dffc67,100
9250665b21a9aa99de361232c016e4d1,86.34989901
82404125a7f395fc4db9ecf2ddf363cb,100
625ccbae22a22028b7fce4c90ef328af,100
b7298313451d5afab5f79a0205715de0,100
7a46ef3deb4bdbbb219d9a12be9063d2,100
3768100bda84dfbacc0b6ae7f83356b4,79.13195043
d2355c790d9ab1894c34d14d2d2a9a27,100
d3602f9d7fb13c280e6c0a9099559927,100
9a444028e67aa4ba9f0788301c26b4f2,100
38711145cb7f6d670f43a324a3119f5d,100
3d4cd979b2c54a2175db4b17a6b74579,100
a3cad4a6f2ae917a6e4b4233dac7576c,100
f0f17ba85fcc1cce39de084b338b9ecb,100
5ea44425324e6e3b11e446010dd18081,100
68bf8aacfa121c174b4d3ba21275710c,92.48066675
ea279182e8468ca0f20f471754f976f8,100
1d9adfe0785244c5313ff82d2555db61,100
9aa4fe84e20709dd88523fdd261cd053,100
b0a4840beca0a5584bfba575cb772a9d,100
d319fbc97b77d1829157ee725872da72,100
02df9a94071b3b993821902b50562e6c,100
c293a5d304c915f2792b3460eeb36aa8,100
66c222ee06d01d2498d06611f9c95239,79.79217429
c3c9f0183eb8db40e275ed3e88bc9a6a,79.08231365
b32ee434c83032678cfe3e3773944eaa,100
b340a6fe3068c84c17cb0118efa4b3c3,100
17f878313e2546f315a16a250d28e434,100
051a3a36f9b8cc82b79dd7f7d177a622,100
ab57cce738f6a5a911c77550cccc4f37,100
e17b91e6068ffd2d00db1b9fe5c2e02d,100
b4bf97ad364e7092d72e59712275491f,67.59173531
89a1e853060c2af4e87198925980964a,84.18048614
7c0272be0d372f498f8f74dbebd2f9c3,100
86f978a2ad54e9d88b398284d0b1f694,68.74198919
eeffb68d6354a569806a0aa17e71f73e,100
8d889fd316f29aeb54acb33c6c495655,100
46b449756ad6cd16bd196d2b61234bb7,100
876c275a64ca6af6876a7ec779ec9c6a,100
7586e69d21fb4e57028d6e90c57f21a9,100
a0ecc5a423ddd67b689ee3eeae11d559,100
0a1e9d83b12e9e51abc16fd131dd3380,100
3460b7d7e233c7f14269cf722ff2b972,100
66b91fda5a2d76ceba250b117f6eba30,100
a346bc06d332e0715f8c319cddb31103,83.02791707
09c3472e53bf33f6830b0bdf823489ea,95.08719329
153dbf063363873fbde895371cf785df,100
c3f03c77ca32c48570ca08147aa91516,100
8f3e5a56f26a198f5c88d71cc9070805,86.73264393
2784fb4aef60ebf9e06d70e59e4f4f18,76.84837442
82ec23f41908b62f33d9a0156f5fa07f,100
859080de60eb8fb567af918181d00857,100
23062c23da2195395b834fde3b258afe,100
b838e7666b1f18c340fe4f3bae524deb,71.67363062
b42a1784316400ea2537f5f3a3b8d5a4,100
c476fa5ffd03545a70bb89217895828d,100
f83599f959e7df332743bc5523235c71,100
19b0c6de280254a387e735f63d6b8871,100
694169fe569dc57d0c30855d1fe66956,74.7771522
3a322b07988a382e16344373f9348e87,100
eaaaa472e4de00b23f06b21edae7d885,100
e9ad73737ed9c6d778640160f81bafab,100
81704474ecb44f3b0b4874ce13e3d9f6,100
05e144d2e73e1b5a91512ded6c719572,100
f0d3c5e982a661dad937b5b32a8b8634,100
20bae68f39234c38a1dfa0d246020238,100
41c47faf48c51c34c833f8b0c4fd7568,100
de3b82d3f5ce9e2b7b981da27f268475,100
3d44b070c44f16cb5e6be350a8f78d7e,100
4415238f2e7bf1006f8ecc80d77dfd67,100
80f6fff557ec693891ba166b17725338,81.63655579
33d8aae85369e71e9716c5cbc3ebf18f,100
c321617475115c686dc34410ceef457a,100
b5e62395c19df6a982f04b74d52c2c68,100
f21d6ec7297b9a8b4fa4da9506f39465,94.93644602
a22aaf6f62b925c98ce9bcaeb6172398,100
8c20aae2c05f47e8dc2bd8e66c146aa9,100
309a855ceafa0ce9858f64096741f081,100
4105c1fe4316cec02d3e62392603aa6d,100
6bb028a2c53669c83a976401b0e442a4,87.94966903
d52f78bd64bf37b2b2007c68e7dd0bbc,100
4acfd28fbd140885a001bfcb4415e7ee,100
b3efc63070efb9fd5e85af6402b5a8b4,100
a951c15e7ac841313f4d93c42d261afb,100
321bba44d9c21e5875d63cc38290c1fd,100
0028524b356727e2b93cc41baf04e839,100
6be502983eb1359fb251aca612290f19,97.06021779
763b5f689c1ce8a2e4c65a2663cb004e,100
4cc3950fb0da642078f6c02f954260a7,100
d5ec4752a1f4946d78346df03f577db2,77.06383004
85fe00db67e9dde2661716c29d10a933,100
96bccc9b248ce42d15f3264bcf2464dd,100
71e1055255fd4f96991ff1d42ecd495e,100
def2787076395ac79ff932b8f1bc8aac,100
bf9cfc9e20a19beed81fb103e3a7bc84,82.98866005
ec373703b2d89016a0a5b11d982f2de0,100
2f23265901ef8ef5eeb996b9c2a7b13d,100
81f9536bb9ca4dd2ef89c46d6d0902fc,100
b62146e15ab0f360835abd72cd194f30,100
26a6767c409f389a384c998b2fb0e76c,100
cef97f2e3181ef88cfa13c61f1ed42c7,100
bc52acbba87adc64a51bc2ecc177970b,89.42890697
d54ef67f9a7c941909bf31c5b0f87200,90.60018512
0d4548254dede237f483f9404456dbc1,86.25723526
d1f498bc92bc33007df5a793eaae4c85,96.30290562
f745c8ace4ad275c5c4fb8b894eccaa5,100
55adc023d9e1ef3ca75a52b42e4bb656,100
ca5ed7bfad53f28838e3396b99a1232f,100
1a1e1924c1ef2582ae7e8318a3117861,100
75661e09755a768c1c2b282777208943,100
4a0ea8f1e7f7cdf1c5e55e635c4bc310,100
1066d14900faaf43e36771a278c01ba0,100
c2cd2e75845ed583b04c0ef40ad1c6d7,100
99c11c76ced1e55fc24bf1edb1f00f13,100
9bae8522751822c8d3145b2c2aec92bb,100
da1c94a34dad055757ecb62265683f03,86.95295851
5efc15ed1a8dc6b3d3df820b536e6d90,100
22bda9ac09cf9e6a81d2cfd967e7d01b,100
1e3399bb08e8a0e91a27644a2c39dce3,100
23c583a6f387722f6cc79228c2de5dc5,100
f70818f11cebd5a2118d9348bdb8cefb,100
f65679b40a310981c0fc86d93527d83d,100
86959d63cb9eaf9a8e4f6164079d0304,100
eea6ba8da018423376608d516a8923f6,100
b4261034faabe0c74ed1bd0d1533974f,85.16698092
568d21c1a814ee5b6aa5be5b05cd04eb,100
0e3d39fa3bc732b2086de0c695e58240,100
b16b54fc7d88bc18b5ee261ea7f70fef,79.96462235
1e83d182416dd79977f81dba01127d5b,76.31738968
ad3a018786ae962297745e924866b1f1,100
f7c9ba94d8883553f56a76ce3cb8920a,100
13825a263778e1c5ca46e7d98ccdf106,100
357fc4c80d2233023e07d54b7aa091c6,100
eae932cd17698458d986f81d8502adb7,100
174a52dd9c3c9a86e7415f48e90b5e9b,100
23c1492026ffdde7d84d5ec39c624646,100
35d7455a35ed5ef15a895be829471bce,100
57673843587b1c9a4df49cefdd7a7bfe,100
15d4d02498164720c3559b6917d3ef88,100
783f62bc6036e66c836de7db3889ee70,100
d849fd601bccaf75dd290165030b20eb,100
63c0d8ae953bab9b4116bdd0ebfe478a,61.51643663
8e3ed3443c44c33e73e39c280cc56962,100
b221732a4f3165877c5d45a244d13ffe,100
9d536ae4585d756ebb4e938729bf856c,84.80346175
c7d4b37de5645f037a6cb7a6d9168323,83.69936426
86fd0ccab4870a3e82af4369839135c2,66.13703078
cd57026c6e18a7a6610ee71040ee3f0f,87.13094767
3dbd7fb8cbd656665c5067fa8442894a,100
ee435b23fdb876235684db59080ccaf2,100
adb30a1562c8c7d58e790bd40006f35a,100
49e50b1978c84308dd1066f543d2f8d3,100
88b1d9892a2cee57cf38dd8697888278,100
15c379a736a54ac87bc2a6d44f6e914a,89.0800981
d8b17ea04e6fa2d866bbe9eb857d7ae2,100
6955fd8766f14d0e47a636a49cdb23d8,100
d406ddd43980d5f646867316edc3af45,100
c3ddf81fff8f11a51f9b1e791ba88e94,100
c2cc5c033c279b5f82254404eacf1493,100
1ed66ca81b018e228b87522806070a53,77.20674011
799344f991740f280e44837fd8beface,68.52076924
19c8f98b437db5c7464f2c8788d8f4ac,100
f481c124f97d8880d66d0276a3773aba,100
0adff18b027a6726e05e2a70c5b12c74,100
dbc9b5d69156ad5c467a528b186a37fd,82.48227679
911c2f93efc452a71e06e5bf06069052,76.98051532
0f2db4ead06bae72800a0f4ec6021cb2,72.27252807
622181287de2b23c207751594b4c054b,77.84395512
e5a283aa865f4b69ee1666d601a81b0f,72.50120658
2ec383b93f3b4aa55bdc36bed04b2056,100
84d54cc7152c091c3327e6fa9fcf5550,100
14c81c154fc18aac65efb13eb87dcc08,100
3e18c77393a86d0eb55f5fd5e10d39b7,100
28c107502b1c9a1350a705743998e43c,100
40df2cc2e5abadcc06854d727bbaef45,100
b3a421cbeffb5fca8d6f28c85f36cdcc,100
028ee15d6cec688aa52c37645d8c9d92,100
811d0dd16bc5313693132287fd9a02e9,100
497c6e1e96176746f4574834cdc8c907,76.22860182
a18893e79b4cbf8d64e7949856c6d740,100
49b20b7199119a431817f264905be9dd,100
0a72ae3416eead7baeebd2068fa1071e,100
80eb4dcf3ab0ec51ce108e908e04628b,100
45ecdfa82a1c683afb1a1c3fd0a87809,100
e1bf315c0b12aabb5e6d27b3495d1906,100
a370224ec998d28580460a171b37bb04,100
25c22329f1a812b8d450f43e453fbb7c,100
f31367f19092d3bace9b8fea4ad4ede6,76.50182801
a215fdd01aaa61c57e12c3ece1b00c1f,100
fbba6458f6a03548951a43fc47d8d134,100
176484bd96b66113e1975677d2e0897b,100
707384c9724f395808604714ad514c61,100
d2e67f97a8a8c3c5559c629af7ae02f1,100
b9f0693911598a5c98141a394d8b658f,100
b7fb508685a5f7e41b6fe246e71b1da8,100
4839a9fa86f94dd7bf480873a56b2aec,75.73938754
2d97c77c02cc8816ca6a21f4bd370493,94.30730567
150cbd42e7624f45c4eca38f8f39a56e,100
eb08e71dda9839777040ab22334ef0ed,52.80464112
7d28630f0d0acd4920ec03766e68e519,100
2af2e2f0c0b296ed20c083f0a0015525,100
f8c4797ba053a24339bcf69ec3a7e225,100
65b2418ef59513314ae58aadf4c313c9,100
d35123269208c8a7c3d4f574bf11aadc,80.5295658
ce4177c4a3568b2ec9c57e5d0ca35f99,100
0ad2e96c73707a19832d4d98b68c4b33,100
43d21b8b15bd254607af0976c76c2a39,100
ff31d5adb8fb4fe1ceed89e0553fcae7,100
d43fe60cf7cff940ad9690d704c10321,100
858869412a0a92f2a680ab27a11feeed,100
d3fc010358f7012db2d6f962d3522e5a,100
ef141120c3e08122115b0470293ece4c,100
2f7a6b63cb751ac441e2dec956b92d4d,100
52c3afe039e34f8af5ded2170db67ee0,81.84193226
95967c73f8485df45032007ae792885b,100
73b9c2c9e7b419fbc5a619d7a44290cc,100
e872dea7881e358d35edb206a0167948,100
6e82d6da2e6f902480b2222c3beead58,100
cef3df7c941e93e1a01ada6ecb8539b8,77.65943033
997512ac21165e540e8c7f357e4a9688,100
d5a2dafb3f5d5a5c337f58b94df2983a,100
8993bc11e69a44d1b3a17bbc3dc32eb2,100
bc66b01aaaf8b9705d5dd94ce9e7748a,100
7bd3a450e298226a01350f96b823b7f7,100
e321db9a40a2fd5f42ed099ba41f476a,100
2479935390dada1156cd2da77cac3720,100
e109be84bd4e96842ca9a09dd0d655f6,100
0e76d1f6d09ad4b880243a94f7b7f1bc,76.62583936
68ba7eab0ee72f6b923f5a9360a8fa95,100
2a386a299c2d515d1d4684fd3e3575f4,100
faf7988257d69f5f4ffc974e46da3446,100
63842d1ce3416f40e7f1c650a0e70df4,85.16646322
4aed1e05b01cee779e7b64cc19aea88d,100
b1ee4fcbdbdc1598c3b2aa7950332ed1,100
19f7bc7b50d434371f65603a65ac79de,100
d5e46fa831472187a0fab375d7e2e772,100
e8e03da787c5d85289e7153a40afd6d0,100
2c67d44f9509ea7083b097887426f74a,100
f1bf39d6b7b2ab8be632fcddeac52c7f,82.48915714
cc226759e2d17001e81848a93e621527,90.1235102
6680e3bd696bb9382d121faa64d6dcae,100
afae658e4f0791e06ad8fde43de72043,88.04826973
2d8f9120d74d4a61c607c435167a0545,100
2008d183e37f08ca3af563559d6654e5,100
afed6ce88dcf5c4caeebbea164b0c697,78.16773646
acd58a55190ffcb61b60e337055a44a9,100
809d7df4e47e43f8c14d56098f30bcd5,100
5cfb94ed746104f4499c908151c8f21d,100
c9bbbb9c6ac05fb9e001b6656f6c38a8,77.56472607
b4645f8b9b0f9061898416bf334e2593,81.15984567
709b9312988290d7fd2f8a56eb7b4a90,85.10399924
80d2450e12e65792a6569ac816dc047a,100
49fd3f60d4513319b3bc4549533a8c8d,100
a1dbab4aa420c6cc24e07fa84394e6ff,100
9bbb6fc4630f0630b093afbddf14763d,100
2c3e8ee8027e1d27699a5894070c0d87,100
5e03d8a0e7cbf2f140e26c729c03cb50,100
6705744a0bde3e741ecd8cada5fc1df6,100
4d6fb9a533854cc914e369bd2de8748e,100
10ee5bc392de29cefe8fe1b457dc7798,100
3d93052a6d6f7501053183968a0e52a4,100
c382d3e7c65f5eae154f1c61c0d37abb,100
4193dd6436eee6002d0be807561b87c5,80.21919448
5c863afdc7b726cc0242c6642f9defdf,100
0fd50ae8a9b53d80884dc755af59df98,75.76149264
46775e7a1bda176917a1af6735862bd7,100
1928344660948bec6a98925cdc9c6f73,100
752ef3c19415ef9406909ec898f96f65,100
3e0c5b2bf721993e0c09151d54431d91,64.35561653
6aa4bf5bdd206bad577a845e7cf92ca8,91.56907976
5d3399ebd53fb0f2ed51f46b54956b8c,95.78807241
dc02fa6899ad3a4d37d7eb10afe0b0b1,100
2eaeb0917d763342ba2e11e8c8e25c35,100
983456d27c0bc44315ba0bf958e18018,100
5ae7daee32a983639c491e3005e156c7,100
13b2edf968f7e9fc23afa99f323fc3ef,79.29820877
4f7981b579d039bf7555bb152da9241e,58.72023068
a8bf6fa2af59ea17a0a12fb7e5ba3920,100
6f39f681f6c6654bf65f10237c55489e,89.36366079
df392d8258b5e6f769880017681b6b95,100
b04b0032d3e2969d14cb0d32d0a9dfd2,100
58aaac84fb721b8c9528e61b3eaed1f1,100
ace6e634c58f064b1e439ef9a9d32173,72.82858136
7ff9b80bc290c889cdfe304a9061e3b1,100
5c8cde214866e94ed5d4c77ddeb15ca6,100
2792ca97b0724649a7d6a95f7cb287e5,100
1558557bce0b479fd7ff54bccdda01d7,100
560904caca0f83237f31f50f5dc94186,100
246649938927cbe87b24e2c1b00d63ea,100
a84c19a196016f2a43369da843c31377,100
a7cfd686b32215a2244220b4e920d4e5,100
3edf0f71f0500c8e07c308835ab2f0dd,100
0a203c4ce1c7863f6399ec64f005f6ff,100
57e97952397c2d17f35af0f2ca20bc2d,100
75cdcccec1972adf9509cb2ba9391ebd,100
d1f84b2d9acf1c8478bec095fb194a04,100
b2515bfa7f76bc9f8ebccd6aa8249cb7,100
7f3e79a3318ed200c41b4778856d270d,90.96817436
96ff333fa471a6720ec55f5e195467c2,90.45415597
81c26e81f5ba23da7fc8e7e1b66f054d,100
451aee2817e735fda78a0cbbd59c96c2,100
0608b3fcb88eb6b7ffb81ead5e84f926,100
e057d27a26e29ffcfd627ba5e434db14,100
0ef39c373b42fc0471da03644e75315a,100
cfa38d1d20da5e4711b9846a0f008ce4,100
795af42af12905b7e5f97f9d28b8c69b,77.70848659
01cf924181ac3d16fe75e13bcd24d038,100
86f888122c8828092572b96dfa1bb48c,100
201b93a8f594a254654b133168ccdc2d,100
89dae3080927285108cd59bb629a375b,100
c53f644933da652d5d836d8eac25fa4b,100
ade6cc6826d07ceff786ee266b6c5ce8,100
397af123e8383657994dd414a92b9d15,100
19332a6c276127b1e910de56720c5699,100
759f8e69490ba778de6ef4bf2647c959,96.0835049
b3c9a2ef5e0197041fd0cc5dd6b8e761,100
9c99271a0068897cdc21ed1fddb55faf,100
f8e3c5314db45928ad8d4aa7d8d9c209,100
e4494859a5c2ae827f4e13e72e7c2916,100
bb23f8c578d9b4beacbefba8445f4731,100
6249a26cf3c98799c43ca3b5cf853c63,100
0e4d66914d30c0e1c0de3a9c36942e81,100
bf62aa828909a6913c390eee1138ded5,100
cab4012c5a02c3bcd562d3124a151fd6,100
1f79dd181d928634b7f41763bc3eab5a,100
84d85281853176c5cf2dab738d548740,100
229d28c6c437dce24d995f1be4394c2a,100
31c59e13b3ca249646162c4c3d5c61c1,84.39726472
6dc674f89daef8a6c98cbe4c6cdcd9ae,100
4e0ae75cf40138f1c6f4e003ddf81fb4,100
c95991aab69142a77b5b08a89cebb347,100
e2832f8298b37ab7282d9353c0d8e63b,100
a78692643c50ccfceed7f6b36fc8ca1d,100
1b1b3c422dfd9ba69dbe1f756b46a15f,100
1fe1846d7190f37a7d8ff40915988c04,100
561ec3a5c505be2bedc711cd7a25bd21,100
6ff9f230aae966bcae083b0302a4178b,100
b8430ff698719a7055bf35ee0c931bb7,100
1f985a95aba0c008cf3c63f8c387fc51,100
be9b5863e6487dbf7d69a6367ffd7682,80.81135693
70dddcf4b18e829b91de8a5e06056357,100
6677205849e150f55e7b13609b79abd3,78.00295825
5a0a01360a5fb36ccb19e48ff457cfa6,100
85ee170522f47c5355d42a176038a760,100
dfdabd8ec25ec24c84c50b3be2c3a882,100
d8168a82942ac8de5a6aeed0189ae10e,100
d3216ce41efcb48565fe7f8ac18145ca,100
89fc751aaf3c385ef36836290f56b9c1,100
cdc10666c2595a2acfc966791a0a97a9,100
1e78d1ded2f683825b9c8581ebed702a,89.20157552
32f47efa5dee10ab9e84150c91ba5ae6,75.2848581
b43450fbbecaa8b65eb7c42b24b3a11a,100
3da5eb28a0bc74a70235d10f402373ed,100
fdedb350fd48b23e43fdd54636b074e1,100
3ead871e43ab580bcf9a058e88393319,100
2725ccd56077c2b97b2396344c7d7d24,86.53283181
dbef39d889a7309c51850fadd68c3907,100
0eac3386ab330e60d27c0c2e81a91c9c,86.01192934
ec131b1bc2e7bdab98c38258f4e83bcb,100
83a0664a42a63c9c7cfb70a1a8b025c4,100
b1c0219468addca50d354c250301c448,100
b261a83ece9c381ddf6b1664530adb3e,100
9791c5ca7dbeb42683e2aaacc62945f7,100
ce8cc19b8ecfbb77567589ad64a4e061,100
0ed0fcf273462cf608dca2fe8deca335,80.5809483
f29272a5e6b549ab6a5c21f73484616d,58.13209478
147426c28d406552752a736d09ccf463,79.77848457
b04138068d9a471164697838b1cc0ac6,100
03788661efef70aabfab582e2d0691ac,100
386b1e03574cdee283553f8c577217a5,100
77773f710f9ae8e2d213e17dfd023461,100
997a4f8263f0e0159d336bc7bd952a0b,100
74f396a77fa32fd0121d28e0285078f9,100
2531e9a7989334dca63a3394d07d54b0,100
c4d389aeb3f54b1f38da3ec170674878,100
56355ac6efcd0ca817a92fc9d1f1b7fe,100
f6d956996b85ff9cfd83236edceb5c54,100
b42782999af72678cbfd81254d1435dc,100
0ad890dc831eb004c875a69f35ec4c18,100
cc850b09e2bca526f2352699677772ca,100
26f434afdf6baebe330d99b1f2580a00,100
3afe7be9456df071a1b3508cc5449eab,100
b440107f3ba8bdd7fcc2432fc689dccc,100
a00e204f59da3add77d60325e6063d6e,75.42492325
025d9457846a9207d03b722cb9bafc91,100
615a1d99efff2915ba0d0b81a59637de,100
ff1d291db08c80e6635a148672a9d273,100
9b11098c8b572f4f4eaf38c27ee8db30,87.54542793
a18291e46e7118acad686dbfed98188f,100
99895bb76536b1e9a3de6c27cd5918be,100
5d634d47a76eff61ebb21eb315c9d9c3,100
0e0290672fb6e0ff499990fb47d8f13d,100
2c4766d62a0044b8bd55b76feebcc077,100
f147b41b205acbf840843d84a8e2b601,100
f50ce5c9fd42ff75e101c3132be2e6d8,100
f19bde4fd62bbfcadaff33e06444d3c8,100
054c5654c9d0861dbb5367cd470321c2,100
32f82acfdbdd2b13bd8c2ecb52a0365d,100
724d11cb2046c3284172ae81a2c85171,70.65623312
5838e2a727013ab4d5bd901b3b8d64b6,100
72af11dc94f405db9592c3fa6c96e6c1,100
adf46d041fa9879f9e0a86cb68bc5e41,86.7973314
6e274966e6167c033895448e35c8708d,100
2a1cee17f3bb1b3c3e2fe697632d054c,100
ba22822035e0369589a80815cdee79db,100
4944fdbf5671b5a5f5c9e2a05fad3578,100
08da0c42996aef5e019c7d8b4c017ae8,74.90571485
8f9be79f36253c12fc2899c5ac77383d,75.78831366
19f833b88f3720eef02e9243950b7271,100
fb9a1fb97d6fddd18551fa8201d5d678,100
be8805450d0ffe39421829c83d4e6a1a,100
8c796a63e57908a13b1269d865ef3cb9,100
8c0ff046f27fb9d36108df829050e1a1,100
aeed4b5da8f02ec0feb3b45c62b03ce8,100
a611ea2d5e61f084cb487890cfb89b7a,100
f5e5c2f30e5cbf4862a098ae3cdb423c,77.03365694
3e36e048cfd2a1fd0fbf28d9c72ec254,91.55932735
d49a484456972420dd073d57e33ed1ec,100
8c779ab9b6865abd87c2692b193f2c02,100
55244bae176b1b21a0aa19b35232c944,100
d3ce4318ec947b68cfa7f824e4655bc2,100
881a245109429623b9e6760405c07a2c,100
cfbf49bf40117a2432b8ff192586e1db,100
67d7b463819ee420cee3104c3741ed2c,100
395bfd75baf743e361b2c46c53ace068,100
94e85cbfe617b7de35bf7e47c7bdf682,100
dd9b8023420e263bbc0844e2db31a508,100
af566cd891f7c51edcec088055337987,100
e4aa15f5b996cacbab331280a1b243da,100
717a60383e370126067207576e3dec21,100
2083d47d823faec8a38af4f08be3e65b,89.28743997
e487beba54a6cdc7ab014b4e15511ee5,100
41c441c8c544bd7bf54df58ee1c553a2,100
a30c92c11d6d9c530d7aad8cfeabab91,100
f520ca99e9c3f3e53c29e4744019f2b0,80.09654293
c4a5a630d70ea95806c5af019559e3e7,100
32ee3ae715744da5f72046975516e1e3,100
c0cfe32adca41894cf3183a9eda170ae,100
0de806b53613895ba5036533fb7f598b,92.06378628
cc3728cf71f2223fcbda0325f85f11ed,100
59e058589e92aabef6865d93deec86b7,100
5b313a343d2b5467a9340c75cd224fc5,100
420a85675f778f8f584a54b6b22da5a4,96.30290562
214b037b86e1ce337627cd7e8833c362,82.76945876
9756e9b77c6fd9940e1ac910d73c29b3,100
0712cfc93479c0aaed6eb20ef8c66315,100
c917600ccbe10b3df51ee972afaac4c9,100
f27cd5d4258e7598b8be2e745874eaba,100
99f922f868e463c970ace4d462284028,100
124647fd96d6c5deacde415affb999a5,100
b046bbb755578227a4fc8d01fc9017fb,79.46332829
3f46b94cdd3e166c031963330952005d,100
1147d023ef099091cef4a142dd8797ac,100
bac7b324d30850686889701d10e945aa,100
0406522335036d5110403560dc11c35d,100
43bf013ad2935b416dbd8db20613b02f,100
7d7d330d9012ec78a558cdf087c178d1,100
220f7b490a0c78edd6a7d523f71af720,100
309a6a6a7beb4abdc63e54833078c0bd,100
5da60e7d8d5978a76e84f73f77099df4,96.0835049
067e885dad93ad3dfd9a3bb6f69f8c4f,100
0f3dc59e36349495254850df5a7bbc10,100
ad522cf3f676407f2d7b60cb69c36f61,100
99f33b1f1fd02d7c8ada454f2bd67c8a,100
91050f1d9f8c3354a2980b36df95fad5,100
23db5ea55f75138344065ab9ca4758ac,100
a98e6a84645e985b6b44a9281074ba7b,100
bac15155a481348ec2bf1dbf29d3da83,100
04bbbfb588307315a3bfe41cddeb1214,100
2c0b44b47484851ef2309310af4610a8,100
b02c2de0567a253db6c231b2ab5c47a6,100
b2ac8a9a2cc3672cc8d5a26af4d7b725,76.67364245
48e84e26ffee37d67d47aefd8ab06fe9,94.93991221
6d0b0bff44b291fe1f240882f20b0f48,100
ea9859c33350995a8a81ded3c99dc1a3,100
185a55d415446a7a466104ebb8f0af6f,100
9d3a693658fc6f5a230f1f5ec0f469d6,100
6e1e765ae2058fcaadb5df8de69b26ea,100
ae8a8b997bc64c293bb64eb630bf6f81,100
8d9dca05e98da96c99e46dd647571525,100
74a85cd90c07dff5e5f3cf598f6b23f1,100
3138ed664227d2f821a7bd18a48a99a7,100
5867c16cfe0a4d35266dc512316cf499,100
b71491934a62be164349af78d556414e,100
6c2f431aa8783f2d76052b232e47ec57,100
86b6363e6b3317d9455b1b5f850ce0cb,100
a115b92aafa7be33b499fc4e71ff54b2,100
e7f77ff89d56fa0cdcf1ed61f830cff4,100
5460ef07c8714d65d778a9a24e6aeac2,100
8920d6d27363bc219aa6744c442d108a,100
e134984b46b6a28026087b7f32179858,100
ee8a9848605ce723a9a795b7aabdb91f,100
05afcb48de1be74732b736d3e9ae733a,100
e6e48792f29fd1f4becb09fd38237e4e,100
b8cb80dde6e6dbd538104c9ebb4b92af,84.99917337
b3f5e134ac1e5eaf7d83f6e028bcb72c,100
91e09c71fd057a8c823e4f17a41c1b5a,100
4c86146cfb6c743a061d8b67ce50f32d,100
88748dd0034b38e2c4f71d201a99dbbd,100
93fdeefbe07b735d3be86ee3939302a3,100
fa43fa911218f1ef2ad25d289ac48e3e,100
6de41cbce4a5e6889e0a0bd8911372c9,100
b900ada9eac05dbf4eac2fa064ec4058,100
0c41937b39c9983b9fb37c9e5243fc51,54.08134414
e142e13f2e3a9a561a465c14145db8f9,100
8869a9e894db9c21a08906e769ea0369,100
d542478228cd8a4bdcd8d06d2801ef6b,100
bd4f7dd31273cb7a43de24f375538ddf,100
cc5d8869a6e4a492f0e617ac3c6c8c02,100
7b3d07457e3a983490a7480ab8e2c11b,68.59173235
dabc0d8e8e6441b20d60d56c5db363d0,100
69e2b3378d8216602f4c184ecfabe1e7,100
a0a740b7ba7457b9bb5c55192d468c67,91.56907976
5ac9a4243a38763e122d42daf4a0521f,100
6e4a849a190bf54569be51b291b26ff8,100
a03f7630ec1359bd6a4fa6ccfbdb9079,100
9dfab23b1264885b9116636c6d4f1c51,100
0b74ee338608dab1b1c89208302c515d,100
44cba0227011a6fc880f20915af287c1,100
dad0257614506a51be09e5ec8b100afc,100
f7b89e5771d20befac7a26bf0fdc13e9,83.98650455
260a3f99f9d96a29475a775325b2f477,100
76a9d7504f9a6d0f1d08f0097637880f,100
af7f26a0eec435547befba8110e2108c,100
59d8a11a65f5b39bbd4d77191f6b3dc8,78.59019965
541f3cb6e6016e84d747be42b13a2c43,96.99251523
1a0555e8b798f6413a38a409127abf72,85.33612555
c48268ef4b3f393861caea296a6a7eca,100
b5d0ccabfe9f27cc3a62009e3cc7ae54,100
dbf1cf1352da6bd366da48bafd86864c,87.09992904
9d46ded19a8f3a4cf5a2c7cfa383845e,100
ad6cf0786433a13257afa06c7732caae,100
b9684f7a5e3d4903fc37591ccba2a1d8,100
e7441721d73e3ac0a7564fc26d2ae7d3,80.49711457
4bb00b5e8220f761bdd8e680040a5f01,100
cba57c3a7f8e9e2f0d8399145f1d914b,100
8a36e06ba2f706cad0ecd7c17571c5ee,100
85d3eecc604126b374e15be8ce6f2577,100
9bb4031371dd464ee3688226dd40da64,82.81579378
c7c3c8dfd51078a504861d461f79358f,100
d6567a97820af2047bd82d5662ed495c,100
3d2684081882c0df8b86940367184c87,100
7a9297f3e123aff6806b693faa756b18,100
8280a1720157587274d954739ed9464d,100
d8bbeaedacdb1168804c3cf64c1204b9,100
f24760c43b9b9697dfbc0c538fd148d7,100
8b2526f84e3ef2a65ea83fefa0af45d5,100
6e03b0d4408c5521aa77444dfb9acd0d,82.32596172
1501dd8f8858cb2f08eaecdd65ec6ac2,100
321bcae00c790c6b9c82c09d3091669b,100
590e4da2a8a1f436c47557ca24d29263,100
e32756b81d5754b10f66941383be7e36,100
79b87e551fe81ee5605388ac4d3996f6,100
9947ee13b5c2966bf76f0bbf2332fccb,100
83c0fddb65224aa5f4c3d4317a4b5237,100
20b262e1305e094851c00c1e9b715773,91.97963055
c5ce8b11a10e3873d80fd2d3ce8fb5ca,100
cbca7d71e4779de8a29b5f994c6d045b,100
507e40f49559b3b767a2ba3c4cb81d3d,100
b979d88043c14dc19f8feecee7a75666,100
38df050cd23041a4ddf3b47428af940f,100
21e71aedb0085346948f4e5201d614ec,100
e631993f643c687d0a9e0b6d0e37ba1b,100
0b66ae3958357ed5c3b29f302e0808bc,100
7f9a60352bf87c9561252cbeb839cd76,100
0739d61e8c614ea25a1c0841717c10e8,100
df9f5ee1fdfd674ebe7021b71963f317,100
b68d4e8c7fd50e60d0f9659b0418f918,100
0acf588d24f645cbdc564a1de1e3c816,100
0d4b16fb0a48fd143f6cd87cec005d94,100
b331f390a7d00cabfa1fe680d331f2d2,75.1074959
d481bcb5fdbb1aa0d6a4c313dbf2f806,100
8d9cf36e2f68ff8db615072cb284e6af,100
0f51acdc4731171e41a95cb41cb0e2dc,100
d247d00791c1528b7501e2a80d7f998d,100
7f084e6d98b3967a27a02d4c1a357512,100
a03456de6daec5aeedd077f452f54933,100
69d3d1d058f8b487e3a4d02f27f0554a,59.41019485
9edfe97448cbc82aaa26510cb94555ae,100
19e656798cffc3bd057aa2067e925522,100
10fccf9f954f12fcdb4e18a9735c1479,100
e7b5a24630a7cca3cda3cc4811de83e7,100
b74e14e84e3492777ab6a0ab912a207e,100
3b09aa8b4aaa86464099bea935a8a3e0,86.59836224
d50b75f256cce8bc3d1a7a5bccf5a5ed,100
7294c3f7fa32ce8ac47906c9610c4370,75.7165057
60db0452b1b57a1210f1d28f85a25593,100
ea8d39857106d03d8faacd10e016989d,100
bc43c4842d148583b7c6114794f815d3,100
6bc74346324ce1cab03fb6069b43a180,100
77ac35501338ed4e2e4256fd34257dfa,100
804cb684e9678945a3a1f81a730a1966,100
44bb0c375f386b7fc577af3ff1f1fd46,100
d82b79294e6112c91e71e0d40ee8d0cb,100
4c28fce8d62ec14c2eef4fd88e762989,100
70d62899848c0cdde85a87a2063ede78,100
b64c31b73ca0396300b3379c85afb816,100
6b70eac61a964dc43e19b2c0c0a0f0d7,100
b594370cc9fe7acaf3dbc9316817c7c3,100
384b55c635beabeba9775b3f65f7ea82,100
eb71cce22a518e0f419f8b45fc1e701d,100
c90f31c07dd63437880dfbb1ddc5ec0d,100
483e7b3534c059da9f0d20490137a6a1,100
a32c35e8db013b27ec77a58e2a6304c3,100
3ba88c444da5f08f4cf6d0b675340a66,100
944a3fc7b3ed7090f73b182deba7ccff,100
95670257d9f674c23cefb65db16d1777,100
9300949682191b65a04ad54f03a4efe3,100
af475823648d123af3ab8dcb22a230ab,100
9a26889ba8648bbc46c2d3d6c5791b2d,100
ae39b61759df5dc943ae8a1d8019b367,100
3f6c0ea3bf0b1e257ce1f9df5e9a97ff,100
e6134371cc5b7b463f80e86a0e973025,100
b9a722278f5d9efec569cffa211933b8,100
3eda251c655285b52bbab9d521c7853d,100
ea10dbce5f8da42c21f72ad74b670c4d,88.9438759
58becb4b0e6e79f3a30a94a88ac73033,100
021accc289ab13864b54512b5a3fc423,80.18996999
0aa77c52fdd14983e74bcc228f7c326e,100
c8da5a65c466bceaa124717908d14d5e,95.79696272
9f506e1217052e46e923779dc0a92fd9,74.87048634
7a627c90f2eb9371b6ea02f7fda8f48c,100
bb2ab08c318a4b3343d1b6d841a63852,100
6a95c2cc18400b0acd2745c7cc292b01,100
8641a19ec46f65e721d777f9084491f5,100
c2a108277833d8f19f8a3ae0580267da,71.58276602
8ce9435d6a53e979014557041f57e9ed,100
e408060ba2cac9483e0771aff62c73bf,100
242979501821e19bdfbbfd4330469bee,100
2602e09502bc515ddf5c12aa207acd78,100
d4d80d7c4ca52cd9cbe3ebf8cec2e8e5,100
197ee34de3f469813ee92b488face9b4,100
bad6c559c173ead5e6d0c8f008f71032,100
0f2986f6d627e088abd189f9468134c7,100
a2ecbd78850fdd6aedf02cea5a674ad0,100
58f1a8da26ad9040da479b54a9ef9ab7,100
5642aca03497f6aa0395dae8d7ed07bb,100
29416ff1df1eeffad3bbb27a3a95b8ac,100
506b97b255c0b77d6117e41728b9c5bb,100
859b5a6218940bdf1cead9d332660774,95.52703306
be0ca2e7eee91fb6019c138ddfac1ec7,100
bfc0401b7c75c3a8973178ba92d89259,100
476ef8500c6c71d03207c9c57c00cbee,100
bc078c015c11c0c9b8c6f2f1eb9ba772,100
c7090e89421bb5a7ad4a2e05f3d81d10,92.6090659
83dd2f0dcac9b80786796134734fcca5,100
ee259ac1b4a5b112211f2aa5c6105e18,100
613aa5a73a06ce9d889e18eb38462bec,100
a046759e5319901b382e8a471fb2bcbf,100
4656ec63a1706e3e860bd13ece7619ab,100
6977daa6f37251750395c9ef4e9d69aa,100
7ddd91f0cd91fa45be4df68dac9ec208,100
0f2f9e507c361d79ac8049268038f9e1,100
5e881a5bb26309f0a1bcc0264a8dfa7f,92.39393643
101df1edfea78678e6496d72b17b2bbc,100
899184e22a709d9d27b9e4443e1f4670,100
6ff70fd030d01956a1c39895dc4c3bbc,100
1009fe8b019bcd6a47670bbba5eb968e,100
d1a42a1bc72375bdc07b06e4d78554f8,100
4a4cdb7dc4078c33e9d7bb4c2560a6a7,83.78574682
d8b297cd2666ef26e91a8c506b0fb13a,100
9a049a215919d76f37430ccfe8fe0a57,100
a3bfef0c253f2dcf2e20b28c1ef549ad,88.65062741
0f2416452b224b679ded77a809d8b85d,100
99541a7fcae4ed3c4222e87d38ce659d,100
75936f27f4cb8f02cdf6fefe3b70ad4e,100
5d828054d12bec64b8f1372ef0a76b00,100
b26ed949e1320c411c7f51f8c40fcacd,79.38904324
d955c2d4593f8ba2300891d0948f5e2f,100
456ead549873f7d7fe416e13cacf0267,100
0625ec7869b74af74a85e733a54b65a2,100
a02eee8b23b723f1cabf2a2c0211ed64,48.64519389
46bf6041f1cce01470d956200a4ca104,100
8e597651178a9a10c0c5abf3c3f5c52c,100
08f0112248248e194018f15c1582b68c,83.79817408
24bca39a02b5bc0d11a922124fb6d23c,100
de8c94708838f4202c166d465f58352a,100
f1a40b745ceb8310dca42d955472655e,100
08af47ddfbd2a19622bbf6db9bcdd3f0,100
0e87012bde1fff16021be11e423dfda9,100
1378f00e0fe6eb722eecfb1cfc9e39ed,100
31bbaa4c7ccef2020b8303d02c4599c2,100
ca86d9f4c1d84787291338115211600d,100
255948be5246a819797d3eb65584a5fa,100
47647230f12a8bc190030de428b38c35,100
2eb3ed57c9f3793144b73450c7c712c2,100
87f584f7d18e44f5462d3e04e920a8a3,80.51276037
b0d74c0c94706c3fdfd4a28caa7eebf3,100
6608843a91b7b8d23cfe6c7c557a4e46,100
0018898edfe95978b6eeef31480c3329,100
2b145a017db7d40942b3e4c40727a4e5,100
d4057d19f4f23afc558abf4f4bcef7a8,97.21187614
50abd055efc6c5e9c9e4aecf5fbec8c3,100
c26cb0985030c633257593b2820eb585,100
88a5a56b43c798d9d26a721418a50e19,86.38747347
bb63c945f1124dcbe924482b98ca2ca3,100
ab5bc650d55a8d8d22a6f92a63096b44,100
ca9127c8c3d5611c9773d9b9762bb63e,85.74415672
98b0f35503b45d4ca4914485202f636f,84.8595288
58e6de32eb8dc7324a4233734a7d2f88,100
5731e111b45088879b21cbfa5d88a9ce,100
0e8bc531322307eacdb1a769954aaaa3,100
bbd380d83f6a1397c691649a54e819d3,100
1da16f231f7fb86896ea71e445a80567,100
7df9e561f8bf1b993ab65b04988e7fbc,85.52265837
f6d231206578486cddf13eba93676dd3,100
3fb98f5f679be5651e4a514db426164f,100
1d5475034eb683958f05c4533a457c49,100
b26bad58de97a860d6408587488c1930,100
0d5b51aa2c4cc4c17e3802bfc574bcfd,100
3c8bd6c9eb5739abea00c60e481ab819,100
98be8532f0eae0141e5c201822fb3664,100
6a73138fc04e80103eb669b42026d917,76.29197566
03134f43a78fadb7da9e58fae57ed1e7,100
db8bd1e9e2aef822433eb8bea3c4b72a,100
750d3c0d2a5f14f23315de780b1ddbae,100
cd1025e5db916401f4ef94553b539361,100
1b27094fca798bc4c2ccd8fc99cb3c80,100
53f7abd43db76eb615d9adfb5b584ac2,100
9f737add326f0e3911c50ac5a4ab309d,100
25ca279e092e5c5778db9ba9a4e5dfe1,100
2aaf34c20f791c494023ad1eed7cbb89,47.30296068
445b591fb8c70d2510e9daffe0bc3e34,100
0a9ba96a2146a822bd6f1f848845d0cf,100
7d7a8376793c0b85c4d47771d0cde580,100
aa8d5181ee21cddf8c496145efef9982,80.57416919
37d778891f7cd2ffd06b61f4c5371e17,89.20471661
840b3acd38d86b80bce015581a673e01,100
f0d4e4738716b71cd3a094db4c91efb2,100
2e9e3ca958f968eec5a8e99bd77d6ce2,100
d028ab2bcdcb1777c5260ce4ebdb7c70,74.56444952
b6e67c86ce3dc71240fad8b1fba8fcb2,100
a8605d471a30c2c2a804fa28f81d7da5,100
9294f40a2a5ab5dea132b69f773f8b5c,100
b9f719b4307face564484ee305e1385e,100
8c9b90886611905bff0dda4566b8ea99,100
d35f6b2d47bbfd7ff2acc3fcdedf74f9,100
46f6734392a279fff34f50c3e3e9f9b3,90.8548105
533fb48ed7215f4cfab7f2118426f3ec,100
e0ab87ae636f392082f9bd5b0b460018,100
7a479a5a4cdbf2a88b0ce70aa47d54ee,100
08ed8b17b0214efab5eb9691886e57c0,80.48872196
085937e7cae05c1ffa5b12aab958a608,100
c8a000da0332f5047b94bb32c9e296b3,100
7abfe22ff0175db3c199ae39d8e84c02,100
c1b9489812bde194eef37e7027db5e52,100
7358eb53c2e3e605dad0c1f90ac8cb41,100
5f5877997bfb12677076951e8fc3a64b,100
5e9b835f79f5656dc518c957ef70fcb1,97.0459792
3ac5fd36414be2a5849522113ea7078a,100
d07f78954f571427f1af237a093beb28,100
69181df393af4fdbd6d107ef3b98577e,62.19100199
933b7d7154b290e46740f5cc05f86c88,100
4c4a022d6055b850a3c3af1a3fc2c8d2,100
f30b96be9bc74b33d8d5dbb2260a2331,100
892391b73ceb812b51e99841c40f8c38,100
5a0deb07479c4db4d268c95511d17449,100
96edc1857771c08935aece37118448f8,60.20885523
ce09f34f56b9b2f15f027bec2839309b,100
e260b43e67fb62b8ca1ab5214257a75d,100
15e335dd0154cab14254e14327fdf566,80.86516914
d78016eda619b520f849e3517b313795,83.84984245
9ba0ae7fb693861ce020032bf757afe1,100
e8bff56b4f266cde49bdb731fa9fe706,100
f90798cfe7e3c0686f6c5b297cf6cc82,100
bbef49c2d95203cf923bbcbba9d3e3e8,100
e71dc268b2512d8325ab57a26e7e65bb,100
e3a1432b4f921b21c64342e5bd257603,77.74091077
1a1118432a34a79c1da9074c66a5d25f,100
01751f87998ed3a97f1cf80e13aa317c,100
ef1c1073163b4ffc367d70505c350a8a,81.16698615
80f8a1f8297e13452c0d4ab0fb2d6857,100
ad4b752e0fd1034be47656a1a66d5cec,100
32b529cc47dfd37ceddc970c2fa3e49d,100
43287a3bf68dd994b3cdb0f7d0ae2bbf,100
a9659d5a8f1c56302f91ceabc2023004,57.07357902
2e76f9063e33012c215129ba83cd979b,100
f3d0e5281639df24c6ab54f5e83d50be,100
0294f67448fde05d7717c6a478cfae98,100
e301890512fd7f3b4422488bd51da7b2,61.79251314
7fae45da27da2b0d6e66afca4e7d7555,100
57c7a519761db8cb4d3add8042f8448b,100
2237b01b9d51bd109759c6e859f51f81,100
9d51935c0f26b2a14832d250031a5dce,83.57658726
ce76fa584688c4e01c248d74d751c42b,96.30290562
78799c73370e6fc36a8954c884f97163,100
c86806fb94d11e78f44bfef17b8fc660,100
4f28fb88e58d46eacdc5ef271be4dbf8,69.46230408
a570e436f3619a774bf608683e60bc26,100
da1431565f0f5bc5f272317d1e616485,100
6cb1cc649d8af8eb875b792c41b1ba1c,100
bc4d6b52b32b1128b55d0e77836c7dae,90.09229592
912d8bb8b7af6a8841ad2592f1025da4,43.91009413
f3e8bc5006961d83efe0bddd847ce98d,76.23303781
cefed584652ff5db743f52ef641a67cf,100
babd4b19962883e676b7480f7937cce1,100
c67abd8f25cfa8a676c704fdc265ca05,100
68779cab29fffaf6a3aa5a7854630c92,100
290137ec92e4421392588090b528aead,100
6c9ac418b8f00644bed3b97dc8b66fd9,100
1c2f4c7ffbef5d685a2fde516eb61099,90.57125821
294b290282b746438988bb6f3462e1bf,100
55c763852ecb306e57a4efd436eea980,100
eb9ab5d7c58773f04ccdbf3a50e1bd94,100
e98fea4672ccd67fd5c52bc62c109d36,100
ce6bf39153fd327d3dfe3d6f8fad3f1f,100
8bccd40d87f90b15fbf3fb31710bd08c,100
c518a77b8b10cfbd0cf50c81418409e3,100
97914c0266729ebb949d1eff1df7810a,100
50af63292d55fc4d49d1211665735817,100
27508ef0e303b40c7ff4c76c9e1ca97c,100
6e556d5af6196ca2649f6ac86c0b1746,100
5e3af2b3a532132c227f98e049aef26d,100
047637b24d0f2fef15953aacb361ab33,100
317eef5931b4b6d9e45d1c49665c9e64,100
d9d2b5fe597652aba5d7c96988bcf53c,100
ea66571a82e7a0266c08b8bb673f8607,84.88186717
f7193b5fc456af61154e46cb767db215,64.58139703
c79284dbe3ba4415a1e2f170afa5f4ff,100
7bbad6310ab9efc749e9f70e8adc414c,100
413cbc8d947ba818793f1dafb54387ec,88.75636064
cd13e639eabd1ce943ee931cf45c4819,100
45a4dd8f98d0a9e13533e4ebf16524a4,100
2d6838a549340a202a83e981c3fbf90c,100
0757ab40f01d1a6052ead824f08f5dc0,100
e9a2b5dff2e497d72b304fac5cbfb2ab,100
bedcabc59e587d569ed88738dbdb9679,100
0d7687e93709be685a0c53e1c6f1d429,100
87f9e2fb1b045a79a5663279885448e5,100
dbb6cfe1fb950caf0881a849fb531eba,100
a2323a365dc37eb15c35e4398aa7695d,100
03f89ca630ceefe1df2c4c3a58c5fccd,100
7d73b7f16b5839853c163bc313b8c194,100
c9f49c5c79bb0845871320d33539c5ba,100
d294bd5be7e7c632d27748fff43080d2,100
2310f1717a124abe5abe053205b55fc9,100
799989a425461cd79ec1c62426dac91e,100
ac0aaeea3e684e8d7eefabbd56c93a72,100
9c5e3fe5cf802140baab6852cefbf8f1,100
6e3766eccdd927442867946709c2f786,100
3c19c57ef726c9b29387fba48c5536cf,100
bce7ad58c48cd4e07b2b8898c732ec50,80.47125148
6dc14df3170354f83d1d9f83858380ca,100
ce0d39f302f317ac7cc46a8a80acae7a,100
d7ac1d0ca12a8639dce2c80cef525fdf,100
90b9995a715476883caf120cdb01034f,100
6d7e3edc4f2ee51afee78680f9a07d46,81.3846501
d261191450aac2c098ff64089f43a3ef,65.47146303
2c39ae09cb3b7765753a44b459bafac4,100
122fa22ff2e579612d229c629344f02e,100
f6868bbed4aba03cfeee4548268468bb,100
327d15ddfba5bf36e314245874d661d8,100
bfcebe301d1bb98d345e772701a60c76,100
4bbd38f164d04af10217d9b10285e525,88.31417614
0a982a299f667e1c13557e9ce4e30ca5,100
c4aea434b32dccb03d3a99125c4f7b10,100
aee6758ed8984619faf20b92ed57f843,100
3877093edc9ff9990afd60aae1b89304,100
99320e96ac571f3d0a9f6a28d60000ee,100
3c4ba4a023ef3425d90a8b750be02e3e,100
09cc3248718141b3c440b86e17888af3,100
8fd533189d74e75cb9b274bad2e75c40,100
4339b8a351f1591d7cccd953132465f8,100
cf4bb0dea020e9cbcb479d7f6b5ac2ed,81.06153186
6dac8fdfaa93c6a5a68f1aa76bb9b671,100
015112fd90303719d413f5dbd4696a39,100
8dcafc2d51d833c1cdfa366426bf4769,100
a702809e64c33c59a805ad9177880296,100
7aac41b499f1de28dcfd2c49075252e3,100
d16a03bded7675d3dc4f9ecb1045e6fa,100
2521785dc22f716380dbd5b459bbef43,90.20331801
f3037b3995f347a094c29f8fb98ec3a6,100
91bde7c47f077058b4e371c02210aae5,65.80272778
1d5ea5abe442e53535a523bf20e05976,100
7494d305879d7dd07a54993574582db4,100
5a03444f5b3598fead90b598d2b944a7,100
ac32cdefe3f7cefc6029e881f00d6937,100
45e39aba23bfc015c235cbc87964232b,100
6a08d7df62f1206bc7e85042dcd6cb1e,92.87097753
9132c801278eaa7d9503bd4af9ae071c,100
b0288db758726e3361967b71cdaebc69,100
360946cc56e5ee1d920be12a26f692dc,100
5b5b75a064802593539b5a76c420f34f,100
4fafaf04a5a2c910f985054192a30a2f,100
1e921b4ab77daee20d4bb183ce47e003,100
d7c185ee3dce808de99785fcd48d9d43,100
74d5b553e89dd286289fba0fc2d6f26f,100
2779bd008864f30edce7d74986d9ace0,100
2c52bb84540835ef7780ee3293f83e89,100
dbac3a1e4f736a97a429192465e9b956,100
3c1f71a9ac99cb5f3b0975f4dfec0465,100
49d411d5eb5ceaafa7f211d809e6665d,100
a830c808b9b0666bf51031ad5addaa88,100
dfff0e6ce7ea43fbf748d0d58f4ea8ae,100
a6e6ea5d0ef55b4f0c5a1b59a605e9ba,87.01927967
b8f4edaa3c8f19e610ebaa791989b84c,100
7b9ba1822169099f65a457654209da1b,82.15247746
56ff0a94779c3999a54e3a4410f2149b,97.0459792
a04dc689d03897cefeaaa32fb4ec0eec,100
a358bfb80420d9e0a1bff6e53b3d9d09,100
7ae2fa0bf1cfeca6cdc155d72c8849d8,100
07be26a366ee1ecbcf75db2a66fee570,100
332a381290ed98cf88a7449a8369bca8,100
7b9c2d389b812181980eaa1bb3c1d138,100
aab7158bdaa35d9eafe4055e5e6e7b7b,100
062a88233e365a70ed2b516f5a581f2c,100
eb2dced60290e08082dded2b380af638,100
7e9bac26354c58f15ec6feae9c1d4234,100
b6195ea506dec8d99c1838a8cbf88be4,100
deca6e33a0804ec7fff56c5049491697,100
51ee969501c478ce74f71c7422d9bd36,100
99c5e7815f985e22aa83d5f90d057081,100
c5f8677d9b28c6fd5da855691afd89f4,100
4ffea78046ad28985ee37456b6cba881,100
719331e6d382ced1799f8b9dbb46a774,100
63781d2e0c85744037986d2f06d32691,100
ada5ceee9a608747530b26b4054d8a22,83.17842858
fb0fd12aa5d5f00c8362909494650098,69.32656616
6946a3fa1b0f691480298e734949a31c,80.15179252
7bf84cc2e6dc56cf8c548d8b6e9a7cf5,100
1eeb84c3635e40c4d046bb6a258f3c58,100
d872b2c0d44f6dca1e391da55c8c69e8,100
d32f78ba1c1905705eb229902f1ad9d5,100
d7ebd774d93d9b51df331aa90cf151b3,100
615bdb644bba4d208c986963f1dc5fda,100
142299c015cd02f57f617e54f4f93d2c,100
b4deeef9ef9402a8089daedbf74d8780,100
39117b31e500c7e2fea6581a1a661778,71.59494789
c50b86ee8c57c2d52e8b695f3bf84c99,100
a60a149b621b07484c920459d27e9ca7,100
7f87e14168807b0fac3463883f482df3,100
ec901c42d9dae708868d4fdc96abdc02,100
8490e9ec342a6ebe98f704a603babdd2,95.52703306
6c49ef90a05bfeb02abecd2dda0e83c2,88.36670831
e191e9eb288c25d8cea29890e4c8df21,76.38154606
969be0945a23fc3a16e20cca162326e9,75.76303332
6bc756b739865cbdd61c6214a5ce04e0,78.26662365
3339bc2f5406b4ddf16dad1aaf90553e,80.6888521
7e4c538ca594cecd7e91bbfea7fd81ee,100
819f5ca60159910ab9844d767be88795,100
cbe6df57f3c15a6dd843cc5a7e7e18ed,100
9603f01a089e2a2e07b33e9dc9797f1f,100
53952d50a7bcf7c54a08f5813c304656,100
6ce0e995598807b7072f1e1098977703,100
e527222166de9f7cae48058531113a75,100
d9715958987ca6f62047c9215058242c,100
1cb255495eafec699f5bf21fbd90f550,100
50801417428ae0272c468ba5cd27d2da,100
8787b5f629f3304f7346933cdd4e2ede,100
8e551ece69d2f69ae5571065a82d689b,100
1bc2bd48f6b219437114c30228bfa3fb,100
4e243b1263e6d02c3ce2e92d78a71832,100
0a4e86ffd5ec6093f23b3d7f183faf0e,100
3b8e633e3a77efc18dfbbef8c37f1d3f,100
703e2bbcb754b9b5dc42f81cfda197c2,100
d039e090283e5ec7d3c646596f1ac726,100
ef2ebfd18bfd75b818f81126c58c3117,100
25853fbe34fa1991b4f67ed8f1879120,100
3971f667057ac249d236ae9b300eeef9,100
7504fb392ab51b6a167eaee430355194,100
a82ee2465c02f88fead66770d00bf74e,100
1af5098fac5c101b357b7a6413b6b619,100
631e8934e1e2b804514bdb6fe7b3484f,100
6c4ea3f74c5128dd8d92375805500894,100
91582119de770b16af5774841b364cea,100
a6ca5a44a73d5829582ea68b394dd394,100
fac15ea0713e73fc30db95c558678a79,100
3fcb5e5535bacb156b66082ae99facd6,100
dc675519620328484b5189734b4ab369,100
156d5f7fc9c14e2f2195a4d78e2dd24f,100
c9f45a879cc4b06a5a13a280378c1c85,100
aa21f2074f74d903c8f59c4208f89244,100
cdbbe4540b94f9d564277396c9db9cd6,100
cab19e1ad7c92378d865d032f6101fb9,100
44621eafea6b0db6d906ed872abf7574,100
4d8eb036b89faabf5655848cc9c717ce,100
016971516f28ce0e29221160a22c6820,100
ca9b24fd226a30f24fc7797430597ebe,58.96731141
bb5a15f03a85397f7f6641bdefe4ddad,100
a8c46a01dfcc3888d97b9d6e83988559,61.04621683
daa44da6dec7b183dc429f0bb827e24e,100
77ee3e0ab4749c00c8d1462e7ea40639,100
5569aa6677b48851117679a8d5a77db3,100
b2b9e74bfba744e96794582c93e41767,44.99576385
c9fd9e35ec9ac02a73d6e80efe5750df,100
0c72dcc55dab81f95d96b827edaa4036,100
c9cda06cdc1c3725bd89989e47f54fc2,100
29735efbaa2c0915cc66ff2117349def,49.42518799
0d0d1070d5350c2d49047bb676ff263c,100
d4c4f0f3e9c5a4dd105d37370016fef8,100
f2782881df92de8fe4652756c8de6c6d,100
4260dd6a43d23dddd943175824304bc9,100
3ac4aad4b15d3fe2bbcde96949651f37,80.34147024
a293141eb29d83e9101ea9c2ae9d7d02,100
6727c47ae91bd602b5306aeff446dc58,100
2e9e9cb0697274c07d5f5e932dc4204a,100
c4887588fc41fd89de142fec72e31fad,100
04f6a7738b94c0b075ba43f75030dd99,100
00e5db680eed0ea67d652b895c437d33,100
31459af38ddbe69556407253da950d6e,100
28a8008b22cdd01912099bdc17df3779,100
b73803a248dd5782a88d34dffe16578f,100
5b1519d641f7cb43c97f054920273958,100
f0567e8d532e1d3891b886308c0a8906,100
907c70a01ab8dc90d4125c666fe4500a,100
b9c509bf21c948f218b522a91e05ead2,100
4fbc7b7b7013ff38e5c78d19dc504c2f,100
60d5fd55e414c6c804d5578908f9ba6e,100
1f12f7c75c60ba5f88ed8e3ffb7cd7ef,100
00a16ec8fe5198e3e7455ae0f09f826b,100
14cb6498644288e914cfacbbf18303dd,100
e55c0e66d1d9f028a89958ef844dbefb,100
f9748cdcf3aee7c010588f5e5ba54afc,100
b790e4e221bd6b310262abc63d46ef12,93.00759641
eb0d449f1f77fa7db79fd3ee5d76626b,100
2cab4a0f8519f3e353f8d2ceefa72f1d,87.02617545
ac2cfab83c5492b9214aa83c620f131e,100
0376309c9f181fc72206283ebd6a7ea1,100
8a1c4b0665a8d3e0750fd2cd0bbfe027,69.28263731
f8e21c61f20e4dcf3251e4035689ac95,81.53368969
6d80feae3dae72e3be99983a78f8cf45,78.73020175
defcaf10fc0754f930b445d97ce31d87,100
c34653907530f47726b0fa4473aded52,61.95583258
d85f081f566026e55d19efdbc7942335,53.5857382
bafe0b8a96a8c86445cd77ba7a15aa67,100
2d4717365125baffa80a0afdf6a66069,100
4ef61ad24c1eacf6ed9a5d33f4c368a7,100
a763ccd14ebc34b4580c06ce0d9dc319,100
da3f0173405a06058597ad3b1594d9ac,92.66988744
9a52c4275eca2d05effaba3a99c44eb3,100
5fa65af587ad4ad660b49b6301ac09f1,100
be110c6498993e207158a1d9af2d6761,100
a0d935d61770f7f023d92dabb68061e0,55.42666485
8ba90742ebd23fa8a238aa789e08fb33,100
c539fcde0e9035ac91d5c70b078724c1,45.7751925
fc355d07bf8a3859fe0f0e75adbd840c,81.90045397
a9aa20f0d7193a97b28d467707081693,55.53312791
14d2efe8efbdc448003133db9653a6e5,76.56441252
da24c0216796d7cdc0e1ea81f3dbf900,100
888a3fb827af19b113e28f01eb75e50c,62.7624791
d98c5432098ff6ec787490a20af38ac5,100
b94b574f3ccf78e3678a43bfcd2bcfd5,78.10542234
60a5984d50d56572f1ef7961cad0588c,74.95562413
388f6b4252fb50bb14a0ce2ca1e2dc95,100
0849588e40b0806020abcae7fced017d,100
eb94c682691d61b2e46da5f9685cc062,85.1124579
8189190a22e2b81f4e970a830ad544ed,76.39550481
4911cc6f4a3af98429aad5f8c00f300e,100
5300573c82c1391c7dbcba7af9aed23f,100
dc001893fc17ba02730d27da6e7d9e3d,100
8d9c50c6f476af7a8111ca72155b0a4f,100
7fe35e21d0772f6f95c6d1a6f3464ddb,100
3fe65e4b08c5c0a604a62b2785af4521,100
ee922c05a12a83db2b92254a223f9cb0,100
20cc76d4c4c014ca7e798accf840bb29,79.09603365
dbb5bfe328dc78a5cff823839383106b,100
a63efaacdf03f9d4bdfced34299e423e,100
cef84edcc2e5fb19b3e3e980afe0fcb6,100
2d794a56a64e3a849abb679f0989626d,100
c3503f6ffd9c3b364edc0820420fbfb4,100
569956d27ec6cf1a9bcf853d9ec3a47f,100
14f97fe126b3853a8c2e9bfacb919681,100
c1b7c126c966440deae0cebd28d616ce,100
1a71a0108cacbf082062dd6dc32ff197,89.75781582
93b03dd3420107e4d179fba3bfd2db3b,100
c9cfb7154993a1885dc18de60d07065c,100
0570e5dce0e88a1718076b09a1f0b5a1,76.07060139
b5e1ed25e25b2d6d49acc7bc3f5fea12,78.9041031
2aaf80d7334c5798fa516d950a3ed111,100
4832448b6e583cf6889b8b362215e177,100
59f3eb2e46cc1201c4b66dcbf11ee4a1,100
01c16df4f794f04a0f6a7cf26425c5c0,100
0a2759fcc9d0d71c2d07ec9bd77d39cd,100
49854ac272ccdd6279b4f038d4a8a445,100
89bf0a41281173aec9b91e5df28e0c18,100
f4b8ce6039ff21bce1e0357a3345ca8d,100
a2a0d84c4b8565a173644cdbd2bb3ea4,100
abd70b0a93b082c161aef366f3303b23,85.32006373
e2d2c370de834f7a9d72a96253ab0237,85.62287898
b0b07c9eb5eec7900e8672e33e876729,100
6868e5918c044f2e06f987b3d759662a,86.50754019
30d6fc3efaae405e8f20db27d22a3c40,100
5849b3e1fce7161b2f846f1b96f0dd29,100
70f150e1a4d99095c2b2282ef22aeb9e,100
d1a4b54df291f5c3166f8e07bed7be62,87.84741818
61b3b0842464ca2bc03fd1eda00bcd17,100
49db6acaa80d9e90451f28c850b8c408,52.40899246
f6bf9ba13c40a7af6f169b2c2121ae04,88.22690346
df82167af63e2bf8a527f803761b9c6a,100
e4dfaadafc113c96b5e7391bb01b3686,88.81271683
af19405b00a99bdbfa0d8dcc5dfc46df,93.48466613
3cde263a41075c9eee9da39a05de6bdc,100
c33aacf6fd86b71479fefc5f378da13a,100
0c96b8e1d7db3824b27e730673233a6e,100
15170ac68726a12349aaecf9bbd9bd43,85.22241954
d508ab2755629350fec458e1f36a93ac,75.28068984
66a74d3ffe87b70ca9b6abecc0c45303,100
26b1d696ffa8d0ab2e28a657a684b3f9,100
ed472b0aa6ff2a0f9410039f06e73a6d,82.61773422
41ca995d984075e8f1971316cefc7407,92.30818475
79b332ceae4f5c6e2432c30b4754d2c8,83.30280449
507aecc995ce42d5fbc65de64b8aae8f,100
1d3f9785161e93500a3db574677fd5c6,100
b71dc53c8a96e7414ea08ce060a252b7,100
8d98f8bb8a7d82673622426a7cf91e6b,100
8d05afd61e43df5dca871d41d9a02c93,100
5f90a66c465ce4e57a24af894a10e42f,100
757ecce5dccf1c6d9533bda6518987dd,100
fef62984712409d68e7adf0daf677c92,100
5360ca3e5867911179712041bd6cd903,100
e4b1bd9d189206fe628a018514f9b8a3,100
c4151c9ef4b185a6d34a6b6d96bf9c8e,100
bf71f0e2c882373e92a1b77f6bfd0dcd,100
653b6d468d032433b4c6899d531abaa6,100
728dd2138f1f232b1fb22a1c24126826,100
029469e25a6a05baeffb0401feb64fc6,100
e8a4ab1ac1bc3f553c50acffc2aa6305,100
0c11a715a3273191632144bf2ee71c6e,100
cc804df0d60eeb212f055afc1a60862b,100
0ef77cc788f4d26b289468e1568dbc88,100
76729b89c5216e704bba3e110da9bc0c,100
6f457b76bbfb701266e1faf4aa6c677e,100
fcf6af6b513ca85da51dd330852de9b2,100
43ced58d5ef7cea07b08ae564fb68958,100
c5fb721672e4bd7e9d2959201424b20b,100
12a13100c83dfa4985f0d4686ca6e67d,100
9ceabc45b980ce220f21ca66fd09375f,100
8b005594ef18cb15bece57f3a119ddde,100
10a4d1f034b64b6c1e258e51a6aa0353,100
15d1e61a0dad78ae7479d8f3032dd012,100
b734f065eea87143fca22971ef74bca4,100
ef4ac361f88b5b1fcb7ba9a3b0470553,100
4284e0e14b611d9873031959a45e429d,100
9f8ce7a05d11d1e35f2ecc801de50032,100
35e34906e8bbda206a74025358082d15,100
84bf09dd4634ce916a6366ba31c361db,100
9d879a95b818545f382ffb979fae7570,100
66674fb4d8fad8440f8fd527f0ded7c6,100
6c9794fc8025d7b631585cd78cd53ad8,100
fd9fa42733b5b3c6302458fdfdf39b87,100
68b1a5c8755873dafbf10e760ad32282,100
5152949a1c4cde7225d71d1d5d940e54,96.30290562
5808bfffeb0862548e53a83ddef3333c,100
8623dd3f09c7307bfcb1204bda1b4877,100
62212581ffc5335f327c9be3366f3127,100
2d93f92b6e9cf3934726d1fb16794db4,100
5428aaa56a75b191c93dd789a5bfabd2,100
b17d34dec6a310a9bb64884c0aa2be3d,100
5607875f63e026f40ec498fe9dd9b514,100
054efc815f2c65589560442bb68cd031,100
5c66d714bffe6beedb346af630c25871,100
a0b84eb65b308ae5733cff2017750728,100
c4d2572dd6438a469f2c6590e164db1c,100
ad78b0ae2a6d3d28271ddbeb7e40c96a,100
4e7835491ed7e781b903f78914e942f3,100
5b41822c6a9acc23d1db213a631435d3,100
5353f4dfac0627fdba2291a9f9f8d30c,100
4540f7bd17de4471b3cceab7b7fb93de,100
d8420e3f0d78e7733232846a844b7354,100
4a6251c1133e37f7ad0b98d3d457bc97,100
95e0699c97d8d721b2dad568820e0380,100
f6ec8d98b1988045527690e5122e1417,90.22659513
371b6817190b98b82dbe97e98e851b0c,100
22d8d5be964ba28298cd1ee14901dfc6,100
6bb1eb9da3afe1c20f0c9707db976fa9,100
40c94870197046fdbbd7f508aa17e456,100
f09b435b6574085f71d3a6d1223c2340,100
7308008a6ea8ee1eeed74b79a406af38,100
bdc1b57802667267a3141aa5e6301f0d,100
5442f1d907bf753da4411990b08579c3,100
90e49c24975a1802e21066e22ae40b34,100
c4bcee5c237f76c7db931ec4d2d54b65,100
